industry,template_index,similarity,tone,grade_level,ease,original,improved
"roofing",0,0,"Urgent / Salesy",10.94,30.02,"Need reliable roofing contractors in Dallas, TX? Compare top-rated pros for repairs, replacements, and inspections.","Need reliable roofing contractors in Dallas, TX? Compare top-rated pros for repairs, replacements, and inspections."
"roofing",1,0,"Reassuring / Helpful",11.17,45.26,"Dallas, TX homeowners trust local roofing experts for leak repairs, storm damage fixes, and full roof replacements.","Dallas, TX homeowners trust local roofing experts for leak repairs, storm damage fixes, and full roof replacements."
"roofing",2,0,"Reassuring / Helpful",11.78,35.51,"Find trusted roofing contractors in Dallas, TX for repairs, inspections, or complete roof replacements.","Find trusted roofing contractors in Dallas, TX for repairs, inspections, or complete roof replacements."
"roofing",3,0,"Professional",14.99,16.11,"Your home in Dallas, TX deserves a dependable roof—explore local roofing services and financing options today.","Your home in Dallas, TX deserves a dependable roof—explore local roofing services and financing options today."
"trucking",0,0,"Reassuring / Helpful",11.75,42.87,"Local trucking companies in Dallas, TX rely on flexible business funding for fuel costs, repairs, and fleet expansion.","Local trucking companies in Dallas, TX benefit from flexible business funding for fuel costs, repairs, and fleet expansion."
"trucking",1,0,"Professional",6.60,65.56,"Need capital to keep your trucks on the road in Dallas, TX? Explore fast financing options built for trucking businesses.","Need capital to keep your trucks on the road in Dallas, TX? Explore fast financing options built for trucking businesses."
"trucking",2,0,"Neutral Informational",8.24,52.00,"Keep your routes running smoothly. Compare trucking business loans in Dallas, TX for fuel, maintenance, and new equipment.","Keep your routes running smoothly. Compare trucking business loans in Dallas, TX for fuel, maintenance, and new equipment."
"trucking",3,0,"Professional",12.27,42.72,"Grow or stabilize your fleet in Dallas, TX with funding options designed to manage cash flow, repairs, and unexpected breakdowns.","Grow or stabilize your fleet in Dallas, TX with funding options designed to manage cash flow, repairs, and unexpected breakdowns."
"solar",0,0,"Professional",15.69,14.67,"Solar installation companies in Dallas, TX rely on fast, flexible financing to manage equipment costs and project timelines.","Solar installation companies in Dallas, TX benefit from fast, flexible financing to manage equipment costs and project timelines."
"solar",1,0,"Professional",11.86,40.29,"Grow your solar business in Dallas, TX with funding options designed for panels, batteries, and installation crews.","Strengthen your solar business in Dallas, TX with funding options designed for panels, batteries, and installation crews."
"solar",2,0,"Professional",12.78,31.97,"Demand for clean energy is rising in Dallas, TX—compare solar business loans to expand your operations.","Demand for clean energy is rising in Dallas, TX—explore solar business loans to expand your operations."
"solar",3,0,"Professional",13.25,30.33,"Secure capital for solar equipment, payroll, or new projects in Dallas, TX with tailored financing for installers.","Secure capital for solar equipment, payroll, or new projects in Dallas, TX with tailored financing for installers."
"restaurants",0,0,"Neutral",13.86,22.41,"Restaurants in Dallas, TX rely on flexible funding to manage inventory, payroll, and seasonal slowdowns.","Restaurants in Dallas, TX benefit from flexible funding to manage inventory, payroll, and seasonal slowdowns."
"restaurants",1,0,"Professional",9.26,53.64,"Grow your restaurant in Dallas, TX with capital for kitchen equipment, staff, and marketing.","Strengthen your restaurant in Dallas, TX with capital for kitchen equipment, staff, and marketing."
"restaurants",2,0,"Reassuring / Helpful",13.51,26.68,"Local restaurants in Dallas, TX use working capital to cover food costs, upgrades, and delivery expansion.","Local restaurants in Dallas, TX use working capital to cover food costs, upgrades, and delivery expansion."
"restaurants",3,0,"Neutral",12.04,37.26,"From new menu launches to remodels, restaurants in Dallas, TX use business loans to stay competitive.","From new menu launches to remodels, restaurants in Dallas, TX use business loans to stay competitive."
"retail",0,0,"Professional",13.07,28.05,"Retail shops in Dallas, TX use flexible financing to manage inventory, staffing, and seasonal peaks.","Retail shops in Dallas, TX use flexible financing to manage inventory, staffing, and seasonal peaks."
"retail",1,0,"Professional",12.04,37.26,"Grow your retail business in Dallas, TX with capital for bulk inventory, store upgrades, and marketing.","Strengthen your retail business in Dallas, TX with capital for bulk inventory, store upgrades, and marketing."
"retail",2,0,"Reassuring / Helpful",10.48,50.24,"Local retailers in Dallas, TX rely on working capital to handle slow seasons and new product launches.","Local retailers in Dallas, TX benefit from working capital to handle slow seasons and new product launches."
"retail",3,0,"Neutral",12.29,33.69,"From pop-up displays to remodels, retailers in Dallas, TX use business loans to stay competitive.","From pop-up displays to remodels, retailers in Dallas, TX use business loans to stay competitive."
"construction",0,0,"Professional",15.33,15.40,"Construction companies in Dallas, TX rely on fast, flexible financing to manage labor, materials, and project timelines.","Construction companies in Dallas, TX benefit from fast, flexible financing to manage labor, materials, and project timelines."
"construction",1,0,"Professional",9.82,53.12,"Grow your construction business in Dallas, TX with capital for equipment, hiring, and new project bids.","Strengthen your construction business in Dallas, TX with capital for equipment, hiring, and new project bids."
"construction",2,0,"Neutral",6.88,74.27,"Keep projects on track in Dallas, TX with construction loans built for materials, crews, and delays.","Keep projects on track in Dallas, TX with construction loans built for materials, crews, and delays."
"construction",3,0,"Professional",12.30,26.47,"Secure funding for equipment, subcontractors, and expanding contracts in Dallas, TX.","Secure funding for equipment, subcontractors, and expanding contracts in Dallas, TX."
"hvac",0,0,"Professional",11.50,39.33,"HVAC companies in Dallas, TX depend on fast financing for equipment, vehicles, and seasonal demand.","HVAC companies in Dallas, TX depend on fast financing for equipment, vehicles, and seasonal demand."
"hvac",1,0,"Professional",9.93,50.61,"Grow your HVAC business in Dallas, TX with capital for technicians, tools, and service vehicles.","Strengthen your HVAC business in Dallas, TX with capital for technicians, tools, and service vehicles."
"hvac",2,0,"Professional",11.10,47.56,"Peak seasons in Dallas, TX require HVAC companies to stay stocked and staffed — compare financing options today.","Peak seasons in Dallas, TX require HVAC companies to stay stocked and staffed — explore financing options today."
"hvac",3,0,"Neutral",11.17,45.26,"Keep your HVAC operations running smoothly in Dallas, TX with loans designed for repairs, upgrades, and expansion.","Keep your HVAC operations running smoothly in Dallas, TX with loans designed for repairs, upgrades, and expansion."
"plumbing",0,0,"Professional",12.04,37.26,"Plumbing companies in Dallas, TX rely on flexible financing for tools, trucks, and emergency repair demand.","Plumbing companies in Dallas, TX benefit from flexible financing for tools, trucks, and emergency repair demand."
"plumbing",1,0,"Professional",10.94,41.55,"Grow your plumbing business in Dallas, TX with capital for equipment, technicians, and marketing.","Strengthen your plumbing business in Dallas, TX with capital for equipment, technicians, and marketing."
"plumbing",2,0,"Professional",10.48,50.24,"Local homeowners in Dallas, TX need fast plumbing services — compare financing options to expand your team.","Local homeowners in Dallas, TX need fast plumbing services — explore financing options to expand your team."
"plumbing",3,0,"Neutral",10.72,39.56,"Secure funding for service vehicles, tools, and expansion projects in Dallas, TX.","Secure funding for service vehicles, tools, and expansion projects in Dallas, TX."
"electrician",0,0,"Professional",9.93,50.61,"Electricians in Dallas, TX rely on fast financing for tools, vans, and growing customer demand.","Electricians in Dallas, TX benefit from fast financing for tools, vans, and growing customer demand."
"electrician",1,0,"Professional",15.43,11.13,"Expand your electrical business in Dallas, TX with capital for equipment, apprentices, and service vehicles.","Expand your electrical business in Dallas, TX with capital for equipment, apprentices, and service vehicles."
"electrician",2,0,"Professional",16.46,5.53,"Local homeowners and businesses in Dallas, TX depend on reliable electricians — compare growth-focused financing options.","Local homeowners and businesses in Dallas, TX depend on reliable electricians — explore growth-focused financing options."
"electrician",3,0,"Professional",13.08,24.44,"Secure funding for panel upgrades, rewiring, and expanding service areas in Dallas, TX.","Secure funding for panel upgrades, rewiring, and expanding service areas in Dallas, TX."
"cleaning",0,0,"Neutral",11.26,37.46,"Cleaning companies in Dallas, TX use business funding for supplies, staffing, and vehicles.","Cleaning companies in Dallas, TX use business funding for supplies, staffing, and vehicles."
"cleaning",1,0,"Professional",9.26,53.64,"Grow your cleaning service in Dallas, TX with capital for crews, equipment, and marketing.","Strengthen your cleaning service in Dallas, TX with capital for crews, equipment, and marketing."
"cleaning",2,0,"Professional",11.17,45.26,"Residential and commercial cleaners in Dallas, TX rely on working capital to win contracts and handle growth.","Residential and commercial cleaners in Dallas, TX benefit from working capital to win contracts and handle growth."
"cleaning",3,0,"Neutral",10.94,41.55,"From move-outs to recurring accounts, cleaning businesses in Dallas, TX use loans to scale.","From move-outs to recurring accounts, cleaning businesses in Dallas, TX access loan options to scale."
"landscaping",0,0,"Neutral",11.50,39.33,"Landscaping companies in Dallas, TX rely on flexible funding for equipment, crews, and seasonal work.","Landscaping companies in Dallas, TX benefit from flexible funding for equipment, crews, and seasonal work."
"landscaping",1,0,"Professional",9.26,53.64,"Grow your landscaping business in Dallas, TX with capital for mowers, trailers, and labor.","Strengthen your landscaping business in Dallas, TX with capital for mowers, trailers, and labor."
"landscaping",2,0,"Reassuring / Helpful",9.82,53.12,"Local landscapers in Dallas, TX use working capital to handle spring rushes and slow winter months.","Local landscapers in Dallas, TX use working capital to handle spring rushes and slow winter months."
"landscaping",3,0,"Neutral",12.29,33.69,"From residential routes to commercial contracts, landscapers in Dallas, TX use business loans to scale.","From residential routes to commercial contracts, landscapers in Dallas, TX use business loans to scale."
"auto-repair",0,0,"Professional",9.82,53.12,"Auto repair shops in Dallas, TX depend on financing for diagnostic tools, lifts, and parts inventory.","Auto repair shops in Dallas, TX depend on financing for diagnostic tools, lifts, and parts inventory."
"auto-repair",1,0,"Professional",11.30,42.55,"Grow your auto repair business in Dallas, TX with capital for technicians, equipment, and shop expansion.","Strengthen your auto repair business in Dallas, TX with capital for technicians, equipment, and shop expansion."
"auto-repair",2,0,"Professional",11.50,39.33,"Local drivers in Dallas, TX rely on fast repairs—compare financing options to upgrade your shop.","Local drivers in Dallas, TX benefit from fast repairs—explore financing options to upgrade your shop."
"auto-repair",3,0,"Neutral",9.78,55.22,"Keep your auto repair shop running smoothly in Dallas, TX with loans for equipment, staffing, and inventory.","Keep your auto repair shop running smoothly in Dallas, TX with loans for equipment, staffing, and inventory."
"medical",0,0,"Professional",13.08,24.44,"Medical practices in Dallas, TX use financing for equipment, staffing, and patient services.","Medical practices in Dallas, TX secure financing for equipment, staffing, and patient services."
"medical",1,0,"Professional",11.78,35.51,"Grow your medical practice in Dallas, TX with capital for technology, buildouts, and providers.","Strengthen your medical practice in Dallas, TX with capital for technology, buildouts, and providers."
"medical",2,0,"Reassuring / Helpful",13.86,22.41,"Local clinics in Dallas, TX rely on working capital to manage insurance delays and operations.","Local clinics in Dallas, TX benefit from working capital to manage insurance delays and operations."
"medical",3,0,"Neutral",12.29,33.69,"From diagnostics to expansion, medical practices in Dallas, TX use loans to improve patient care.","From diagnostics to expansion, medical practices in Dallas, TX access loan options to improve patient care."
"pharmacy",0,0,"Professional",14.90,11.42,"Pharmacies in Dallas, TX use financing for inventory, staffing, and insurance reimbursement gaps.","Pharmacies in Dallas, TX secure financing for inventory, staffing, and insurance reimbursement gaps."
"pharmacy",1,0,"Professional",12.63,29.47,"Grow your pharmacy in Dallas, TX with capital for technology, upgrades, and expanded services.","Strengthen your pharmacy in Dallas, TX with capital for technology, upgrades, and expanded services."
"pharmacy",2,0,"Neutral",12.63,29.47,"Independent pharmacies in Dallas, TX rely on working capital to manage cash flow challenges.","Independent pharmacies in Dallas, TX benefit from working capital to manage cash flow challenges."
"pharmacy",3,0,"Neutral",12.29,33.69,"From inventory to delivery, pharmacies in Dallas, TX use loans to better serve their customers.","From inventory to delivery, pharmacies in Dallas, TX access loan options to better serve their customers."
"fitness",0,0,"Professional",9.93,50.61,"Gyms and fitness studios in Dallas, TX use financing for equipment, buildouts, and membership growth.","Gyms and fitness studios in Dallas, TX secure financing for equipment, buildouts, and membership growth."
"fitness",1,0,"Professional",9.26,53.64,"Grow your fitness business in Dallas, TX with capital for trainers, classes, and marketing.","Strengthen your fitness business in Dallas, TX with capital for trainers, classes, and marketing."
"fitness",2,0,"Reassuring / Helpful",12.78,31.97,"Local fitness centers in Dallas, TX rely on working capital to manage seasonality and new programs.","Local fitness centers in Dallas, TX benefit from working capital to manage seasonality and new programs."
"fitness",3,0,"Neutral",11.30,42.55,"From boutique studios to full gyms, fitness businesses in Dallas, TX use loans to stay competitive.","From boutique studios to full gyms, fitness businesses in Dallas, TX access loan options to stay competitive."
"professional-services",0,0,"Professional",14.31,17.38,"Professional service firms in Dallas, TX use financing for hiring, technology, and client acquisition.","Professional service firms in Dallas, TX secure financing for hiring, technology, and client acquisition."
"professional-services",1,0,"Professional",10.10,47.60,"Grow your practice in Dallas, TX with capital for staff, marketing, and office upgrades.","Strengthen your practice in Dallas, TX with capital for staff, marketing, and office upgrades."
"professional-services",2,0,"Neutral",13.95,25.36,"Consultants, attorneys, accountants, and agencies in Dallas, TX rely on working capital to manage long project cycles.","Consultants, attorneys, accountants, and agencies in Dallas, TX benefit from working capital to manage long project cycles."
"professional-services",3,0,"Neutral",13.07,28.05,"From retainers to expansion, professional service firms in Dallas, TX use loans to scale sustainably.","From retainers to expansion, professional service firms in Dallas, TX access loan options to scale sustainably."
"manufacturing",0,0,"Professional",13.99,17.93,"Manufacturers in Dallas, TX use financing for machinery, raw materials, and large orders.","Manufacturers in Dallas, TX secure financing for machinery, raw materials, and large orders."
"manufacturing",1,0,"Professional",12.17,30.95,"Grow your manufacturing operation in Dallas, TX with capital for equipment and staffing.","Strengthen your manufacturing operation in Dallas, TX with capital for equipment and staffing."
"manufacturing",2,0,"Neutral",11.17,45.26,"Production facilities in Dallas, TX rely on working capital to handle long lead times and big contracts.","Production facilities in Dallas, TX benefit from working capital to handle long lead times and big contracts."
"manufacturing",3,0,"Neutral",15.16,11.34,"From automation to expansion, manufacturers in Dallas, TX use business loans to scale capacity.","From automation to expansion, manufacturers in Dallas, TX use business loans to scale capacity."
"wholesale",0,0,"Professional",13.99,17.93,"Wholesale distributors in Dallas, TX rely on financing for bulk inventory and logistics.","Wholesale distributors in Dallas, TX benefit from financing for bulk inventory and logistics."
"wholesale",1,0,"Professional",10.10,47.60,"Grow your wholesale business in Dallas, TX with capital for stock, staffing, and vehicles.","Strengthen your wholesale business in Dallas, TX with capital for stock, staffing, and vehicles."
"wholesale",2,0,"Neutral",11.78,35.51,"Distributors in Dallas, TX use working capital to manage payment terms and large orders.","Distributors in Dallas, TX use working capital to manage payment terms and large orders."
"wholesale",3,0,"Professional",11.30,42.55,"From new accounts to expanded product lines, wholesalers in Dallas, TX use business loans to scale.","From new accounts to expanded product lines, wholesalers in Dallas, TX use business loans to scale."
"real-estate",0,0,"Neutral",14.31,17.38,"Real estate service businesses in Dallas, TX use funding for marketing, staffing, and operations.","Real estate service businesses in Dallas, TX use funding for marketing, staffing, and operations."
"real-estate",1,0,"Professional",10.72,39.56,"Grow your real estate company in Dallas, TX with flexible business capital.","Strengthen your real estate company in Dallas, TX with flexible business capital."
"real-estate",2,0,"Professional",10.56,47.83,"Agents and real estate teams in Dallas, TX rely on financing for lead generation and expansion.","Agents and real estate teams in Dallas, TX benefit from financing for lead generation and expansion."
"real-estate",3,0,"Neutral",13.07,28.05,"From listings to operations, real estate businesses in Dallas, TX use loans to stay competitive.","From listings to operations, real estate businesses in Dallas, TX access loan options to stay competitive."
"food-truck",0,0,"Professional",9.26,53.64,"Food truck owners in Dallas, TX use financing for vehicles, kitchen buildouts, and permits.","Food truck owners in Dallas, TX secure financing for vehicles, kitchen buildouts, and permits."
"food-truck",1,0,"Professional",7.57,67.53,"Grow your food truck business in Dallas, TX with capital for equipment, staff, and events.","Strengthen your food truck business in Dallas, TX with capital for equipment, staff, and events."
"food-truck",2,0,"Neutral",15.43,11.13,"Mobile food businesses in Dallas, TX rely on working capital to manage seasonality and festivals.","Mobile food businesses in Dallas, TX benefit from working capital to manage seasonality and festivals."
"food-truck",3,0,"Professional",9.09,58.41,"From new routes to additional trucks, food truck operators in Dallas, TX use loans to expand.","From new routes to additional trucks, food truck operators in Dallas, TX access loan options to expand."
"childcare",0,0,"Professional",14.90,11.42,"Childcare centers in Dallas, TX use financing for staffing, safety, and facility improvements.","Childcare centers in Dallas, TX secure financing for staffing, safety, and facility improvements."
"childcare",1,0,"Professional",9.26,53.64,"Grow your childcare business in Dallas, TX with capital for classrooms, playgrounds, and programs.","Strengthen your childcare business in Dallas, TX with capital for classrooms, playgrounds, and programs."
"childcare",2,0,"Neutral",13.47,23.43,"Daycares in Dallas, TX rely on working capital to manage regulations and enrollment changes.","Daycares in Dallas, TX benefit from working capital to manage regulations and enrollment changes."
"childcare",3,0,"Neutral",11.50,39.33,"From licensing to expansion, childcare centers in Dallas, TX use loans to better serve families.","From licensing to expansion, childcare centers in Dallas, TX access loan options to better serve families."
"nonprofit",0,0,"Professional",9.74,46.61,"Nonprofits in Dallas, TX use financing to support staffing, outreach, and programs.","Nonprofits in Dallas, TX secure financing to support staffing, outreach, and programs."
"nonprofit",1,0,"Professional",10.36,43.96,"Grow your nonprofit's impact in Dallas, TX with capital for operations and expansion.","Strengthen your nonprofit's impact in Dallas, TX with capital for operations and expansion."
"nonprofit",2,0,"Neutral",11.78,35.51,"Organizations in Dallas, TX rely on working capital to manage grants and donor cycles.","Organizations in Dallas, TX benefit from working capital to manage grants and donor cycles."
"nonprofit",3,0,"Professional",14.65,16.77,"From community services to advocacy, nonprofits in Dallas, TX use financing to stabilize cash flow.","From community services to advocacy, nonprofits in Dallas, TX secure financing to stabilize cash flow."
"franchise",0,0,"Professional",9.74,46.61,"Franchise owners in Dallas, TX use financing for buildouts, fees, and marketing.","Franchise owners in Dallas, TX secure financing for buildouts, fees, and marketing."
"franchise",1,0,"Professional",9.26,53.64,"Grow your franchise in Dallas, TX with capital for equipment, staff, and working capital.","Strengthen your franchise in Dallas, TX with capital for equipment, staff, and working capital."
"franchise",2,0,"Neutral",7.63,63.49,"Franchisees in Dallas, TX rely on loans to support expansion and brand standards.","Franchisees in Dallas, TX benefit from loans to support expansion and brand standards."
"franchise",3,0,"Professional",12.63,29.47,"From new openings to remodels, franchise businesses in Dallas, TX use financing to scale.","From new openings to remodels, franchise businesses in Dallas, TX secure financing to scale."
"technology",0,0,"Professional",16.62,-2.75,"Technology companies in Dallas, TX use financing for hiring, development, and infrastructure.","Technology companies in Dallas, TX secure financing for hiring, development, and infrastructure."
"technology",1,0,"Professional",9.93,50.61,"Grow your tech business in Dallas, TX with capital for engineers, sales, and product investment.","Strengthen your tech business in Dallas, TX with capital for engineers, sales, and product investment."
"technology",2,0,"Neutral",11.78,35.51,"Tech startups in Dallas, TX rely on working capital to navigate long development cycles.","Tech startups in Dallas, TX benefit from working capital to navigate long development cycles."
"technology",3,0,"Neutral",9.82,53.12,"From SaaS to IT services, tech companies in Dallas, TX use loans to accelerate their roadmap.","From SaaS to IT services, tech companies in Dallas, TX access loan options to accelerate their roadmap."
"ecommerce",0,0,"Professional",12.69,25.46,"Ecommerce stores in Dallas, TX use financing for inventory, ads, and fulfillment.","Ecommerce stores in Dallas, TX secure financing for inventory, ads, and fulfillment."
"ecommerce",1,0,"Professional",12.29,33.69,"Grow your ecommerce business in Dallas, TX with capital for product launches, marketing, and logistics.","Strengthen your ecommerce business in Dallas, TX with capital for product launches, marketing, and logistics."
"ecommerce",2,0,"Neutral",13.07,28.05,"Online sellers in Dallas, TX rely on working capital to scale advertising and order volume.","Online sellers in Dallas, TX benefit from working capital to scale advertising and order volume."
"ecommerce",3,0,"Professional",8.41,59.68,"From new SKUs to warehousing, ecommerce brands in Dallas, TX use loans to expand.","From new SKUs to warehousing, ecommerce brands in Dallas, TX access loan options to expand."
"food-services",0,0,"Professional",15.16,11.34,"Food service businesses in Dallas, TX use financing for equipment, staff, and delivery operations.","Food service businesses in Dallas, TX secure financing for equipment, staff, and delivery operations."
"food-services",1,0,"Professional",11.78,35.51,"Grow your catering or food service company in Dallas, TX with flexible business capital.","Strengthen your catering or food service company in Dallas, TX with flexible business capital."
"food-services",2,0,"Neutral",9.93,50.61,"Ghost kitchens and caterers in Dallas, TX rely on working capital for supplies and expansion.","Ghost kitchens and caterers in Dallas, TX benefit from working capital for supplies and expansion."
"food-services",3,0,"Neutral",9.82,53.12,"From events to meal prep, food service businesses in Dallas, TX use loans to scale production.","From events to meal prep, food service businesses in Dallas, TX access loan options to scale production."
"general-contractors",0,0,"Professional",14.65,16.77,"General contractors in Dallas, TX use flexible financing to manage labor, materials, and job scheduling.","General contractors in Dallas, TX use flexible financing to manage labor, materials, and job scheduling."
"general-contractors",1,0,"Professional",8.35,61.89,"Grow your contracting business in Dallas, TX with capital for tools, equipment, and new bids.","Strengthen your contracting business in Dallas, TX with capital for tools, equipment, and new bids."
"general-contractors",2,0,"Neutral",13.47,23.43,"Contractors in Dallas, TX rely on working capital to balance multiple projects and timelines.","Contractors in Dallas, TX benefit from working capital to balance multiple projects and timelines."
"general-contractors",3,0,"Neutral",12.63,29.47,"From remodels to additions, general contractors in Dallas, TX use loans to stay competitive.","From remodels to additions, general contractors in Dallas, TX access loan options to stay competitive."